{
  "criteria": {
    "diamond": {
      "conditions": {
        "items": [
          {
            "items": [
              "minecraft:diamond"
            ]
          }
        ]
      },
      "trigger": "minecraft:inventory_changed"
    }
  },
  "display": {
    "announce_to_chat": true,
    "description": {
      "translate": "advancements.unlock_time_stop.description"
    },
    "frame": "task",
    "hidden": false,
    "icon": {
      "item": "minecraft:diamond"
    },
    "show_toast": true,
    "title": {
      "translate": "advancements.unlock_time_stop.title"
    }
  },
  "requirements": [
    [
      "diamond"
    ]
  ],
  "rewards": {
    "function": "aegisesmod:give_time_stop_power"
  },
  "sends_telemetry_event": true
}