{"stats":{"minecraft:picked_up":{"minecraft:slime_ball":15,"minecraft:string":2},"minecraft:used":{"minecraft:blaze_spawn_egg":8,"minecraft:wooden_sword":2,"minecraft:bow":244,"minecraft:anvil":1,"minecraft:snowball":82},"minecraft:custom":{"minecraft:jump":13,"minecraft:time_since_rest":20466,"minecraft:damage_dealt":40,"minecraft:damage_taken":1695,"minecraft:crouch_one_cm":83,"minecraft:leave_game":19,"minecraft:play_time":20466,"minecraft:sprint_one_cm":369,"minecraft:time_since_death":20466,"minecraft:walk_one_cm":128329,"minecraft:sneak_time":154,"minecraft:total_world_time":20897,"minecraft:mob_kills":16,"minecraft:interact_with_anvil":1,"minecraft:fly_one_cm":9621},"minecraft:killed":{"minecraft:slime":15},"minecraft:mined":{"minecraft:fire":2}},"DataVersion":3839}