{
  "_fv": 66,
  "_type": "gui",
  "definition": {
    "type": 0,
    "width": 200,
    "height": 166,
    "inventoryOffsetX": 0,
    "inventoryOffsetY": 0,
    "renderBgLayer": true,
    "doesPauseGame": false,
    "components": [
      {
        "type": "imagebutton",
        "data": {
          "name": "imagebutton_uparrow",
          "image": "uparrow.png",
          "hoveredImage": "",
          "onClick": {
            "name": "EffectListMenuUpArrow"
          },
          "x": 266,
          "y": 44
        }
      },
      {
        "type": "imagebutton",
        "data": {
          "name": "imagebutton_downarrow",
          "image": "downarrow.png",
          "hoveredImage": "",
          "onClick": {
            "name": "EffectListMenuDownArrow"
          },
          "x": 266,
          "y": 180
        }
      },
      {
        "type": "label",
        "data": {
          "name": "label_proc_effectlist_menu_value",
          "text": {
            "fixedValue": "",
            "name": "EffectlistMenuValue"
          },
          "color": {
            "value": -12829636,
            "falpha": 0.0
          },
          "x": 142,
          "y": 42
        }
      },
      {
        "type": "label",
        "data": {
          "name": "label_empty",
          "text": {
            "fixedValue": "aaaavv"
          },
          "color": {
            "value": -12829636,
            "falpha": 0.0
          },
          "x": 139,
          "y": 70
        }
      },
      {
        "type": "label",
        "data": {
          "name": "label_empty1",
          "text": {
            "fixedValue": "bbbbb"
          },
          "color": {
            "value": -12829636,
            "falpha": 0.0
          },
          "x": 139,
          "y": 94
        }
      },
      {
        "type": "label",
        "data": {
          "name": "label_cccc",
          "text": {
            "fixedValue": "cccc"
          },
          "color": {
            "value": -12829636,
            "falpha": 0.0
          },
          "x": 139,
          "y": 118
        }
      },
      {
        "type": "label",
        "data": {
          "name": "label_dddd",
          "text": {
            "fixedValue": "dddd"
          },
          "color": {
            "value": -12829636,
            "falpha": 0.0
          },
          "x": 139,
          "y": 143
        }
      },
      {
        "type": "label",
        "data": {
          "name": "label_eeee",
          "text": {
            "fixedValue": "eeee"
          },
          "color": {
            "value": -12829636,
            "falpha": 0.0
          },
          "x": 139,
          "y": 165
        }
      },
      {
        "type": "label",
        "data": {
          "name": "label_empty3",
          "text": {
            "fixedValue": ""
          },
          "color": {
            "value": -12829636,
            "falpha": 0.0
          },
          "x": 139,
          "y": 80
        }
      },
      {
        "type": "label",
        "data": {
          "name": "label_empty4",
          "text": {
            "fixedValue": ""
          },
          "color": {
            "value": -12829636,
            "falpha": 0.0
          },
          "x": 139,
          "y": 106
        }
      },
      {
        "type": "label",
        "data": {
          "name": "label_empty5",
          "text": {
            "fixedValue": ""
          },
          "color": {
            "value": -12829636,
            "falpha": 0.0
          },
          "x": 139,
          "y": 130
        }
      },
      {
        "type": "label",
        "data": {
          "name": "label_empty6",
          "text": {
            "fixedValue": ""
          },
          "color": {
            "value": -12829636,
            "falpha": 0.0
          },
          "x": 139,
          "y": 154
        }
      },
      {
        "type": "label",
        "data": {
          "name": "label_empty7",
          "text": {
            "fixedValue": ""
          },
          "color": {
            "value": -12829636,
            "falpha": 0.0
          },
          "x": 137,
          "y": 181
        }
      },
      {
        "type": "button",
        "data": {
          "name": "button_button1",
          "text": "button1",
          "isUndecorated": false,
          "onClick": {
            "name": "EffectListMenuButton1"
          },
          "width": 61,
          "height": 20,
          "x": 120,
          "y": 65
        }
      },
      {
        "type": "button",
        "data": {
          "name": "button_button2",
          "text": "button2",
          "isUndecorated": false,
          "onClick": {
            "name": "EffectListMenuButton2"
          },
          "width": 61,
          "height": 20,
          "x": 129,
          "y": 88
        }
      },
      {
        "type": "button",
        "data": {
          "name": "button_button3",
          "text": "button3",
          "isUndecorated": false,
          "onClick": {
            "name": "EffectListMenuButton3"
          },
          "width": 61,
          "height": 20,
          "x": 129,
          "y": 113
        }
      },
      {
        "type": "button",
        "data": {
          "name": "button_button4",
          "text": "button4",
          "isUndecorated": false,
          "onClick": {
            "name": "EffectListMenuButton4"
          },
          "width": 61,
          "height": 20,
          "x": 129,
          "y": 138
        }
      },
      {
        "type": "button",
        "data": {
          "name": "button_button5",
          "text": "button5",
          "isUndecorated": false,
          "onClick": {
            "name": "EffectListMenuButton5"
          },
          "width": 61,
          "height": 20,
          "x": 129,
          "y": 160
        }
      }
    ],
    "onClosed": {
      "name": "EffectlistMenuThisGUIIsClosed"
    },
    "gridSettings": {
      "sx": 18,
      "sy": 18,
      "ox": 11,
      "oy": 15,
      "snapOnGrid": false
    }
  }
}